Species,MoleFraction
CO2,0.073914
H2O,0.244944
CO,0.137030
H2,0.058414
N2,0.450064
O2,0.002718
OH,0.016071
H,0.010045
O,0.001656
NO,0.005141
